{"Mean":{"confidence_interval":{"confidence_level":0.95,"lower_bound":0.7665536124359307,"upper_bound":0.9401550186166527},"point_estimate":0.8540151415890718,"standard_error":0.0440971816665925},"Median":{"confidence_interval":{"confidence_level":0.95,"lower_bound":0.6999380261742731,"upper_bound":0.7345185286755345},"point_estimate":0.718270251943353,"standard_error":0.014806346140727051}}