{"Mean":{"confidence_interval":{"confidence_level":0.95,"lower_bound":-0.34769926008988455,"upper_bound":-0.33503947644850485},"point_estimate":-0.3413465463499957,"standard_error":0.0032283918276423216},"Median":{"confidence_interval":{"confidence_level":0.95,"lower_bound":-0.34835648111917533,"upper_bound":-0.3318104806446752},"point_estimate":-0.3422679642660311,"standard_error":0.00443230022120978}}