{"Mean":{"confidence_interval":{"confidence_level":0.95,"lower_bound":2075.8730596571995,"upper_bound":2086.5269863496637},"point_estimate":2080.9389857163287,"standard_error":2.734386277116684},"Median":{"confidence_interval":{"confidence_level":0.95,"lower_bound":2072.0582942298765,"upper_bound":2078.1270282591477},"point_estimate":2075.379389570944,"standard_error":1.4844679206312266},"MedianAbsDev":{"confidence_interval":{"confidence_level":0.95,"lower_bound":11.178703347731684,"upper_bound":19.34429674569885},"point_estimate":16.042783772082192,"standard_error":2.0334731451810524},"Slope":{"confidence_interval":{"confidence_level":0.95,"lower_bound":2078.53547308178,"upper_bound":2088.168581686386},"point_estimate":2083.1415343894682,"standard_error":2.462766914141019},"StdDev":{"confidence_interval":{"confidence_level":0.95,"lower_bound":19.07130659074644,"upper_bound":34.56224225668672},"point_estimate":27.426450591592477,"standard_error":3.969546981020193}}