{"Mean":{"confidence_interval":{"confidence_level":0.95,"lower_bound":-0.1047299346164524,"upper_bound":-0.0628599613851868},"point_estimate":-0.08245812615981007,"standard_error":0.010678867979132188},"Median":{"confidence_interval":{"confidence_level":0.95,"lower_bound":-0.10130405387093311,"upper_bound":-0.06975629076554946},"point_estimate":-0.08059395380133272,"standard_error":0.009771556269648983}}