{"Mean":{"confidence_interval":{"confidence_level":0.95,"lower_bound":13225.378857266069,"upper_bound":13336.24225503646},"point_estimate":13278.830191729214,"standard_error":28.33133120727021},"Median":{"confidence_interval":{"confidence_level":0.95,"lower_bound":13151.309868421053,"upper_bound":13292.452631578948},"point_estimate":13231.285380116959,"standard_error":33.57052496702651},"MedianAbsDev":{"confidence_interval":{"confidence_level":0.95,"lower_bound":172.4961270551155,"upper_bound":315.5504476448898},"point_estimate":242.3080385625449,"standard_error":35.338302658623775},"Slope":{"confidence_interval":{"confidence_level":0.95,"lower_bound":13219.14469853094,"upper_bound":13395.87116965683},"point_estimate":13305.135162553568,"standard_error":45.23576528653065},"StdDev":{"confidence_interval":{"confidence_level":0.95,"lower_bound":216.62085151623734,"upper_bound":349.44143033114375},"point_estimate":284.76497224262084,"standard_error":34.10804392311816}}