{"Mean":{"confidence_interval":{"confidence_level":0.95,"lower_bound":-0.6206631691569918,"upper_bound":-0.6176779206513966},"point_estimate":-0.6192616823886343,"standard_error":0.0007503208152089458},"Median":{"confidence_interval":{"confidence_level":0.95,"lower_bound":-0.6200419353649638,"upper_bound":-0.6185838606049915},"point_estimate":-0.6192137804274221,"standard_error":0.0003670033009714898}}