{"Mean":{"confidence_interval":{"confidence_level":0.95,"lower_bound":56260.97535881766,"upper_bound":56788.6709080539},"point_estimate":56483.478612823805,"standard_error":136.29283753117923},"Median":{"confidence_interval":{"confidence_level":0.95,"lower_bound":56110.17251461988,"upper_bound":56415.705738705736},"point_estimate":56200.34093630268,"standard_error":64.27764589987359},"MedianAbsDev":{"confidence_interval":{"confidence_level":0.95,"lower_bound":438.43055899951617,"upper_bound":762.951404860336},"point_estimate":566.8724709629483,"standard_error":85.84767046618123},"Slope":{"confidence_interval":{"confidence_level":0.95,"lower_bound":56331.38596327545,"upper_bound":56583.1517859639},"point_estimate":56449.764843111174,"standard_error":64.50628946500113},"StdDev":{"confidence_interval":{"confidence_level":0.95,"lower_bound":610.4904347047611,"upper_bound":2147.462504496374},"point_estimate":1370.7179111791238,"standard_error":486.1098241779802}}