{"Mean":{"confidence_interval":{"confidence_level":0.95,"lower_bound":76583.4201586044,"upper_bound":77829.64824472583},"point_estimate":77088.43584412972,"standard_error":325.4033412682171},"Median":{"confidence_interval":{"confidence_level":0.95,"lower_bound":76500.62288930581,"upper_bound":76742.74631751227},"point_estimate":76645.90988800471,"standard_error":62.90357465957475},"MedianAbsDev":{"confidence_interval":{"confidence_level":0.95,"lower_bound":388.03298029051984,"upper_bound":880.5590645706706},"point_estimate":593.1434037110943,"standard_error":123.36390364519183},"Slope":{"confidence_interval":{"confidence_level":0.95,"lower_bound":76462.13876661437,"upper_bound":77230.33772589127},"point_estimate":76828.35842038854,"standard_error":195.61902664731457},"StdDev":{"confidence_interval":{"confidence_level":0.95,"lower_bound":1073.0724454060476,"upper_bound":5303.879002480475},"point_estimate":3280.718067283628,"standard_error":1320.9949426919338}}