{"Mean":{"confidence_interval":{"confidence_level":0.95,"lower_bound":-0.009286332605106693,"upper_bound":0.021564139507002512},"point_estimate":0.006248430769045132,"standard_error":0.007807217185226566},"Median":{"confidence_interval":{"confidence_level":0.95,"lower_bound":-0.01341471947223083,"upper_bound":0.012702743007857675},"point_estimate":0.003092244266015065,"standard_error":0.00671902052908644}}