{"Mean":{"confidence_interval":{"confidence_level":0.95,"lower_bound":-0.2706965588175298,"upper_bound":-0.25132523803443},"point_estimate":-0.26074287909573834,"standard_error":0.004939872594941777},"Median":{"confidence_interval":{"confidence_level":0.95,"lower_bound":-0.26268818274217604,"upper_bound":-0.2451133835916317},"point_estimate":-0.2562483555249194,"standard_error":0.004428893878833508}}