{"Mean":{"confidence_interval":{"confidence_level":0.95,"lower_bound":20504193.85693393,"upper_bound":20808135.982115097},"point_estimate":20649831.9402535,"standard_error":77513.24115628471},"Median":{"confidence_interval":{"confidence_level":0.95,"lower_bound":20389796.08,"upper_bound":20661259.44931774},"point_estimate":20606301.229166668,"standard_error":70686.54403911321},"MedianAbsDev":{"confidence_interval":{"confidence_level":0.95,"lower_bound":452790.70944027195,"upper_bound":746729.8224172873},"point_estimate":640623.4809476394,"standard_error":77035.43452422773},"Slope":{"confidence_interval":{"confidence_level":0.95,"lower_bound":20287614.060140986,"upper_bound":20731807.89889802},"point_estimate":20492574.017877936,"standard_error":113498.66576453132},"StdDev":{"confidence_interval":{"confidence_level":0.95,"lower_bound":583865.7135733411,"upper_bound":956484.7285352577},"point_estimate":777965.8968200503,"standard_error":95418.51204932772}}