{"Mean":{"confidence_interval":{"confidence_level":0.95,"lower_bound":-0.5440160559818894,"upper_bound":-0.5402339556505975},"point_estimate":-0.5420808541751001,"standard_error":0.0009611387275950344},"Median":{"confidence_interval":{"confidence_level":0.95,"lower_bound":-0.5431412680716072,"upper_bound":-0.5401336641928158},"point_estimate":-0.5417785024311526,"standard_error":0.0007981767197164201}}