{"Mean":{"confidence_interval":{"confidence_level":0.95,"lower_bound":5402589.886236876,"upper_bound":5435603.233861494},"point_estimate":5417158.127080185,"standard_error":8462.873637498871},"Median":{"confidence_interval":{"confidence_level":0.95,"lower_bound":5393330.397435897,"upper_bound":5411548.978947368},"point_estimate":5402691.555531915,"standard_error":3795.6815511483787},"MedianAbsDev":{"confidence_interval":{"confidence_level":0.95,"lower_bound":24149.464779164777,"upper_bound":40490.28215566918},"point_estimate":30105.89825261003,"standard_error":4206.553050663179},"Slope":{"confidence_interval":{"confidence_level":0.95,"lower_bound":5398583.754101324,"upper_bound":5428927.083237548},"point_estimate":5410624.280706369,"standard_error":7982.167886673267},"StdDev":{"confidence_interval":{"confidence_level":0.95,"lower_bound":37541.26203739624,"upper_bound":126529.01446574683},"point_estimate":84841.71041979555,"standard_error":23337.432674075928}}