{"Mean":{"confidence_interval":{"confidence_level":0.95,"lower_bound":12348.240883014749,"upper_bound":12500.09431527076},"point_estimate":12417.063984023405,"standard_error":38.94119140416114},"Median":{"confidence_interval":{"confidence_level":0.95,"lower_bound":12264.58,"upper_bound":12315.6587109375},"point_estimate":12282.855264081903,"standard_error":15.455928079900996},"MedianAbsDev":{"confidence_interval":{"confidence_level":0.95,"lower_bound":72.02550007367296,"upper_bound":163.52890948050293},"point_estimate":100.32974087162134,"standard_error":24.5049136259632},"Slope":{"confidence_interval":{"confidence_level":0.95,"lower_bound":12333.263631239699,"upper_bound":12430.732575769704},"point_estimate":12377.714565280035,"standard_error":24.961732689267063},"StdDev":{"confidence_interval":{"confidence_level":0.95,"lower_bound":224.35504411380657,"upper_bound":546.038413506376},"point_estimate":389.1813171100416,"standard_error":84.51902070844804}}