{"Mean":{"confidence_interval":{"confidence_level":0.95,"lower_bound":9279.751001476701,"upper_bound":9639.859994544873},"point_estimate":9454.2724743309,"standard_error":91.53746319304622},"Median":{"confidence_interval":{"confidence_level":0.95,"lower_bound":8911.563311688311,"upper_bound":9061.60101010101},"point_estimate":8976.661891233765,"standard_error":35.815312853866935},"MedianAbsDev":{"confidence_interval":{"confidence_level":0.95,"lower_bound":164.16027129166102,"upper_bound":444.7458718986184},"point_estimate":287.2052685093423,"standard_error":71.9980310270789},"Slope":{"confidence_interval":{"confidence_level":0.95,"lower_bound":8950.685684405702,"upper_bound":9181.82880922792},"point_estimate":9054.669458557795,"standard_error":59.06845303728971},"StdDev":{"confidence_interval":{"confidence_level":0.95,"lower_bound":759.6380307740179,"upper_bound":1057.9212385433705},"point_estimate":920.3218413553095,"standard_error":76.02695277217141}}