{"Mean":{"confidence_interval":{"confidence_level":0.95,"lower_bound":-0.5476989565389759,"upper_bound":-0.5439145597909746},"point_estimate":-0.5458196443341,"standard_error":0.000964985883398435},"Median":{"confidence_interval":{"confidence_level":0.95,"lower_bound":-0.5476736743982987,"upper_bound":-0.5443369360701308},"point_estimate":-0.5459370595048438,"standard_error":0.0008251044107955713}}