{"Mean":{"confidence_interval":{"confidence_level":0.95,"lower_bound":1.948305213140009,"upper_bound":2.006166773168364},"point_estimate":1.9758666048313187,"standard_error":0.014902417150034373},"Median":{"confidence_interval":{"confidence_level":0.95,"lower_bound":1.9202685956663061,"upper_bound":1.9856029138546933},"point_estimate":1.9378498090153897,"standard_error":0.016994002323698427}}