{"Mean":{"confidence_interval":{"confidence_level":0.95,"lower_bound":0.34950448950141233,"upper_bound":0.3654814746109502},"point_estimate":0.3567025798267429,"standard_error":0.004037446025007158},"Median":{"confidence_interval":{"confidence_level":0.95,"lower_bound":0.351498783988526,"upper_bound":0.3607484289985352},"point_estimate":0.3555175689529393,"standard_error":0.0021272635229497307}}