{"Mean":{"confidence_interval":{"confidence_level":0.95,"lower_bound":517382365.04272306,"upper_bound":528041485.620394},"point_estimate":522248565.8811092,"standard_error":2728049.6187051446},"Median":{"confidence_interval":{"confidence_level":0.95,"lower_bound":516963941.50877196,"upper_bound":517322540.0720879},"point_estimate":517203795.7852801,"standard_error":85678.43853048333},"MedianAbsDev":{"confidence_interval":{"confidence_level":0.95,"lower_bound":849573.8370462698,"upper_bound":4582527.122267657},"point_estimate":1317436.9769461323,"standard_error":1030828.482661773},"Slope":{"confidence_interval":{"confidence_level":0.95,"lower_bound":517950038.1463943,"upper_bound":533769437.28027606},"point_estimate":525190436.0479385,"standard_error":4023034.4179765233},"StdDev":{"confidence_interval":{"confidence_level":0.95,"lower_bound":15684364.515091091,"upper_bound":38306868.9376666},"point_estimate":27438528.60129098,"standard_error":5917445.032911759}}