{"Mean":{"confidence_interval":{"confidence_level":0.95,"lower_bound":3.215421664255067,"upper_bound":4.050738624379545},"point_estimate":3.6474993932232165,"standard_error":0.21541594356771887},"Median":{"confidence_interval":{"confidence_level":0.95,"lower_bound":4.007169285004441,"upper_bound":4.168907171698459},"point_estimate":4.105713079428591,"standard_error":0.039327659151793315}}