{"Mean":{"confidence_interval":{"confidence_level":0.95,"lower_bound":20233694.49028309,"upper_bound":25091284.72084478},"point_estimate":22441325.020025235,"standard_error":1254272.4388006977},"Median":{"confidence_interval":{"confidence_level":0.95,"lower_bound":19024085.41546563,"upper_bound":19735769.836538464},"point_estimate":19499588.513888888,"standard_error":180439.72279785736},"MedianAbsDev":{"confidence_interval":{"confidence_level":0.95,"lower_bound":977439.3385420473,"upper_bound":1584702.8470892601},"point_estimate":1126992.7116237106,"standard_error":181578.28111120503},"Slope":{"confidence_interval":{"confidence_level":0.95,"lower_bound":20223961.564110853,"upper_bound":24719883.53803697},"point_estimate":22078040.753089994,"standard_error":1162326.067577081},"StdDev":{"confidence_interval":{"confidence_level":0.95,"lower_bound":6784322.2761358,"upper_bound":16793721.902135912},"point_estimate":12604665.720773598,"standard_error":2544337.2397357165}}