{"Mean":{"confidence_interval":{"confidence_level":0.95,"lower_bound":2076.382932801344,"upper_bound":2090.070635261286},"point_estimate":2082.6448305774097,"standard_error":3.509132232393713},"Median":{"confidence_interval":{"confidence_level":0.95,"lower_bound":2070.8180027692897,"upper_bound":2077.481533613445},"point_estimate":2073.102992447586,"standard_error":1.5742054587828354},"MedianAbsDev":{"confidence_interval":{"confidence_level":0.95,"lower_bound":9.914914833399964,"upper_bound":18.537254316619887},"point_estimate":13.465048421536327,"standard_error":2.1331668291697072},"Slope":{"confidence_interval":{"confidence_level":0.95,"lower_bound":2074.4824529832276,"upper_bound":2082.4229092214114},"point_estimate":2078.3433807851497,"standard_error":2.013667640046133},"StdDev":{"confidence_interval":{"confidence_level":0.95,"lower_bound":19.176598755869527,"upper_bound":50.54239022474308},"point_estimate":35.369759663848356,"standard_error":8.345949152178243}}