{"Mean":{"confidence_interval":{"confidence_level":0.95,"lower_bound":4561.23568741359,"upper_bound":4636.862693909546},"point_estimate":4596.656540209678,"standard_error":19.378870125453954},"Median":{"confidence_interval":{"confidence_level":0.95,"lower_bound":4540.362704910863,"upper_bound":4592.215348357638},"point_estimate":4553.606944878551,"standard_error":12.769499994569843},"MedianAbsDev":{"confidence_interval":{"confidence_level":0.95,"lower_bound":69.6648335033115,"upper_bound":119.89868251230246},"point_estimate":96.64422012839786,"standard_error":13.689870941285916},"Slope":{"confidence_interval":{"confidence_level":0.95,"lower_bound":4610.9541042993405,"upper_bound":4757.778557215932},"point_estimate":4677.020475595709,"standard_error":37.736442539222196},"StdDev":{"confidence_interval":{"confidence_level":0.95,"lower_bound":125.6829638742691,"upper_bound":257.22117228307405},"point_estimate":194.76559579620414,"standard_error":33.868002213147}}