{"Mean":{"confidence_interval":{"confidence_level":0.95,"lower_bound":1481781.2965867599,"upper_bound":1520175.9628650574},"point_estimate":1500337.2851623606,"standard_error":9778.590528323723},"Median":{"confidence_interval":{"confidence_level":0.95,"lower_bound":1463812.5924369749,"upper_bound":1498785.9795918367},"point_estimate":1485593.7604166665,"standard_error":8783.833854807232},"MedianAbsDev":{"confidence_interval":{"confidence_level":0.95,"lower_bound":43931.362105303015,"upper_bound":76922.84917720399},"point_estimate":61487.13864020342,"standard_error":8852.59144942025},"Slope":{"confidence_interval":{"confidence_level":0.95,"lower_bound":1448070.2321657187,"upper_bound":1487469.4124229082},"point_estimate":1466594.7409516773,"standard_error":10054.731943304514},"StdDev":{"confidence_interval":{"confidence_level":0.95,"lower_bound":75556.21696369414,"upper_bound":118402.31384716037},"point_estimate":98374.45436939213,"standard_error":10957.99696103907}}