{"Mean":{"confidence_interval":{"confidence_level":0.95,"lower_bound":1106514.531389314,"upper_bound":1112482.4359191689},"point_estimate":1109135.021814443,"standard_error":1545.1519468082015},"Median":{"confidence_interval":{"confidence_level":0.95,"lower_bound":1104186.8059701493,"upper_bound":1106011.9956317204},"point_estimate":1104912.8023318145,"standard_error":490.2665180490315},"MedianAbsDev":{"confidence_interval":{"confidence_level":0.95,"lower_bound":3059.039126432775,"upper_bound":5581.443807684764},"point_estimate":4303.538386691121,"standard_error":649.2648718761508},"Slope":{"confidence_interval":{"confidence_level":0.95,"lower_bound":1105125.6539808072,"upper_bound":1107719.2794291729},"point_estimate":1106233.4402571302,"standard_error":666.3805317587783},"StdDev":{"confidence_interval":{"confidence_level":0.95,"lower_bound":6395.5067476904715,"upper_bound":23488.57175928328},"point_estimate":15540.817811916442,"standard_error":4600.961207669347}}