{"Mean":{"confidence_interval":{"confidence_level":0.95,"lower_bound":0.382650400293046,"upper_bound":0.4004206473640325},"point_estimate":0.39118358296860145,"standard_error":0.00458155471598136},"Median":{"confidence_interval":{"confidence_level":0.95,"lower_bound":0.3769453741484998,"upper_bound":0.3848399105198357},"point_estimate":0.3801396115782718,"standard_error":0.0020802903196877093}}