{"Mean":{"confidence_interval":{"confidence_level":0.95,"lower_bound":1649434.6870190755,"upper_bound":1658938.1621069747},"point_estimate":1654270.5728131214,"standard_error":2427.479986117938},"Median":{"confidence_interval":{"confidence_level":0.95,"lower_bound":1659905.962962963,"upper_bound":1660974.0727272728},"point_estimate":1660209.9857142856,"standard_error":312.5386175279082},"MedianAbsDev":{"confidence_interval":{"confidence_level":0.95,"lower_bound":3046.1224021346347,"upper_bound":10059.964720918995},"point_estimate":5640.017911948752,"standard_error":1967.6327247870515},"Slope":{"confidence_interval":{"confidence_level":0.95,"lower_bound":1631993.63384694,"upper_bound":1647923.7662307264},"point_estimate":1639420.9264903206,"standard_error":4068.2160907820253},"StdDev":{"confidence_interval":{"confidence_level":0.95,"lower_bound":20596.281417094837,"upper_bound":27554.927223545885},"point_estimate":24468.952073123066,"standard_error":1772.8269340141703}}